{
    "accuracy": 0.65,
    "precision_weighted": 0.68,
    "recall_weighted": 0.65,
    "f1_weighted": 0.6637992831541218,
    "confusion_matrix": [
        [
            12,
            4
        ],
        [
            3,
            1
        ]
    ],
    "classification_report": {
        "0": {
            "precision": 0.8,
            "recall": 0.75,
            "f1-score": 0.7741935483870968,
            "support": 16.0
        },
        "1": {
            "precision": 0.2,
            "recall": 0.25,
            "f1-score": 0.2222222222222222,
            "support": 4.0
        },
        "accuracy": 0.65,
        "macro avg": {
            "precision": 0.5,
            "recall": 0.5,
            "f1-score": 0.4982078853046595,
            "support": 20.0
        },
        "weighted avg": {
            "precision": 0.68,
            "recall": 0.65,
            "f1-score": 0.6637992831541218,
            "support": 20.0
        }
    }
}